number,response_code
8289W,43
2485D,42
375U,30
3779I,46
330O,24
9724E,44
8466U,42
724Z,29
2801C,35
7961E,42
146S,25
7288M,44
1146F,39
6065T,27
6250E,35
9054H,28
6998T,43
7980M,39
1793Y,44
3570J,40
4244X,41
160V,21
9352Z,42
8977W,46
6028X,29
8159Z,42
2320J,38
6568K,42
3753G,45
3552T,42
7488N,45
6286W,40
2390U,38
4515F,39
760K,23
6884E,43
316P,25
3381E,44
4982Y,42
2210G,33
9986F,42
4120W,37
3372A,45
1989V,42
9359B,43
5427V,44
8371Z,45
8714U,42
568L,28
5405R,36
7794C,45
1590X,37
4979Z,44
4659Q,41
7678H,45
2261H,39
664L,26
6050V,22
7959M,43
7317S,43
6853C,43
6069I,27
5455S,42
2565L,41
260R,21
3876F,45
7483E,45
3039O,30
2065O,27
1752O,41
4335A,44
5484C,43
8033Z,31
9044Q,28
6211E,36
4273S,44
6252V,39
3267D,43
3112G,38
2794H,43
3669N,42
5490L,38
7673Z,45
5479F,44
8593S,45
1003D,22
5633X,43
1225J,41
5209Y,35
4533A,44
4266B,40
5952F,41
3361W,43
7150Z,37
1403D,36
2141N,39
1300N,27
882L,28
2129O,41
7913Z,41
7268N,43
7386M,44
8751K,43
7653H,43
8063V,30
7959L,43
3162C,41
8429W,44
8080V,25
2901Y,34
3402T,36
8772L,45
6822M,42
293M,28
5552Z,41
3719U,42
5399J,44
531Q,27
1133O,42
960G,22
2948M,42
2332C,42
7534B,44
7128A,44
9300R,28
1986Z,41
9165V,41
3481E,43
3694Y,43
662X,25
7536D,43
4329S,44
6238X,42
3867O,45
7573M,46
9679I,43
9013Y,26
7787W,46
2656Q,39
5299V,42
8699M,43
3478T,46
6438A,43
463B,28
4454I,42
5293E,43
6747K,43
4016Y,25
8362Q,43
4913U,40
8379D,46
5278Q,44
3159S,42
2196S,40
9262P,40
5356F,42
4035R,29
4872M,44
9550E,37
9158B,42
2361W,41
7285I,43
8945T,43
3723C,46
6799H,43
3981Z,43
984H,28
8103W,37
8500Z,28
6609A,34
4686S,41
60S,5
8024T,30
677F,29
3433T,45
4884I,44
7275X,44
3278L,45
4979E,44
7897D,46
9119R,39
6275D,42
8358R,45
7580F,39
7568A,44
1089M,28
8534Q,44
7834A,45
8707Y,39
5248N,42
4589D,43
2898I,44
4941R,41
5776G,44
8683G,44
245O,26
8159O,42
1867M,43
6240Q,35
5650G,36
88N,12
9155H,41
8425V,44
6908H,36
3802X,37
1075Y,29
5956V,41
8654S,42
3772N,45
6323W,44
1231U,40
6191V,40
8074L,31
4782R,43
9894R,44
2957K,42
6906O,34
4126B,41
5815M,40
9916V,39
6637N,42
5757Y,44
359F,28
4258Y,42
2182R,40
8102G,35
9598R,44
1510R,34
360J,23
6714L,40
9461K,41
2542K,40
5605J,35
4969I,42
4160O,36
9002A,21
42U,9
4806W,36
7757O,45
6218A,38
6636D,40
8354Q,44
4942X,41
5162Y,40
6447Y,42
9516E,39
1370F,39
9460W,37
9144U,41
1904W,35
913P,25
2047M,28
711Z,24
4580O,38
4310O,36
4644L,41
3779P,46
9057C,29
425P,28
7735X,45
8954V,43
9998Q,44
5857Q,44
645M,26
5920V,38
8596A,43
3399R,45
5318P,41
8509C,37
1466K,40
2538W,43
1661H,39
5282H,41
8443U,44
1748F,43
8869E,44
8675I,44
2409S,35
3417H,42
5674M,43
7203S,37
8230D,38
1226O,40
9300M,28
2816G,39
518Q,25
8898S,46
248I,27
9327S,45
1897D,44
1094R,28
3026P,29
8519J,41
3260J,37
1728C,44
3391X,44
3876O,45
4087Z,30
1978O,44
4484N,43
3310M,37
6878P,45
1245A,40
6514C,39
4332W,43
4881F,43
5337R,45
3481C,43
4774A,45
923S,29
7967I,44
4600A,26
724I,29
9314T,41
4990U,38
1918E,39
4014R,26
1008N,22
9365A,43
3759I,44
4600N,26
6778E,45
9125W,42
533J,29
9882R,43
7326J,44
9879H,45
4609P,35
3613L,40
6183M,42
1552Z,40
2773L,45
4875C,45
8485C,44
8481V,43
8373T,47
4702N,36
4309A,37
8727F,46
896Q,28
6809S,36
6408A,36
9363M,44
2896Z,42
4647G,42
5879U,45
3463I,44
8335R,45
3076T,30
3014R,27
5117Y,40
1414C,39
2645X,40
8868B,45
7190Z,38
9284Z,42
7951L,42
8822S,44
8340X,39
2128Y,42
559Y,27
874J,30
7175B,44
7953Z,44
9565R,42
9291M,41
903M,22
1652U,39
2760N,37
5281D,41
4089A,29
4065Q,28
9781S,43
5319W,41
2472M,42
3723M,46
6163P,41
7369F,44
395U,29
6397S,44
3644U,42
9440V,37
8949F,43
8326Z,44
7297X,44
9916Y,39
3434X,44
1484E,42
5400C,27
8391F,44
4608C,36
330F,24
4753O,44
8837A,46
4252L,40
9637T,43
6147J,41
1799S,43
4527X,44
6472W,42
4326Y,43
7283X,44
3744Y,44
9086N,28
8913O,41
6340B,37
4004O,22
2966S,40
5219P,39
8605Q,36
720K,24
817E,27
2438L,43
3570P,40
1467B,42
4863D,44
2851P,41
6325T,43
4068K,29
8996O,43
4574R,44
9183I,43
4982I,42
4302Y,36
2945B,41
7371R,45
7198P,44
6025L,28
1449I,41
6384Y,43
521L,27
3733T,46
2883O,44
5257Z,42
2175R,42
6452L,40
1143X,41
5399Y,44
6401K,34
4000T,13
6006K,20
234T,27
8637R,44
7114M,40
4204B,35
2320F,38
452T,26
7317B,43
6005O,21
870G,25
6394E,43
5676I,42
2157L,41
8281T,42
8889N,45
8885Z,45
9491V,42
476O,28
2498X,43
2665P,40
5384R,44
6729N,43
1601R,33
5587A,44
5053R,29
8684U,43
4305F,37
3934G,44
4313M,41
8640D,37
1430B,37
3905X,37
4877G,46
8175S,44
133N,28
9077T,31
483U,29
9998L,44
839L,29
1622M,40
7572W,44
9313Q,41
4389N,44
3164B,42
2513R,39
7311U,40
6922P,41
1066H,26
8528H,45
2392C,42
2542Q,40
4244W,41
4506L,35
145J,26
696O,26
3212K,38
2427Z,43
869J,28
2183E,42
6616U,37
3447W,44
6348X,43
7287Y,44
7620X,38
9420S,38
5419M,40
4722E,43
8845E,44
3474K,45
2438R,43
4435L,43
9683K,43
2733Y,44
7467P,44
352R,27
8895D,45
9393C,45
3901R,36
7300R,29
515Y,24
9182X,41
7704A,38
4434D,43
8879G,46
6325R,43
2802R,35
5810G,36
9020Q,24
2850I,37
2261P,39
5432K,42
8443B,44
3908R,38
5872W,44
6239V,41
280A,22
3272V,43
2767V,43
8315T,41
1434I,42
6999D,42
2786D,42
9378K,46
839T,29
887W,30
2373B,45
9812P,39
2538E,43
7743X,45
2705X,36
2827V,44
7196Z,42
6965E,41
8404S,37
7956J,42
3985V,44
4473E,45
6694N,41
4791A,43
8887Z,46
4234K,42
3660Z,37
9542R,41
9770G,40
3257V,43
2398M,44
9084V,29
4473K,45
9944D,42
1986A,41
3372M,45
6228X,42
7367D,45
7169N,42
3570X,40
692Y,26
8388X,46
8210Q,35
1780Q,38
2033E,29
8338W,46
5165U,41
1756M,41
1950E,36
8283P,44
1076C,28
7655H,42
7594G,44
5968H,43
3151I,41
4845Q,43
2868R,43
9974H,44
4425R,43
1997A,43
8629E,43
6051O,26
7080I,25
30Q,6
3767P,45
5278D,44
3391Q,44
1740R,37
8729D,45
6861M,41
1647T,41
1795O,43
6099G,28
3473A,46
8432W,43
7173U,45
6173R,43
179V,28
4930Z,38
1166L,39
2872R,43
5286R,41
7215P,39
2158N,41
3168N,43
1606E,33
6611I,36
2208W,35
7760F,39
7626Z,42
5150N,36
8165J,42
8675H,44
8442T,42
7230M,38
8948J,44
8273O,45
8086L,29
3138O,44
722W,28
6977W,44
7546V,42
6429D,42
9291G,41
3058J,30
5216O,38
1556G,40
5222G,41
6821Y,42
5268P,42
5424O,43
4305V,37
1572O,42
9446M,41
2964F,41
7373R,47
8462P,42
8638V,44
9859H,43
8776B,45
8977P,46
7717H,43
5640O,36
9361S,42
3189C,43
3027I,31
7317X,43
5065D,28
4818P,41
1691L,40
533U,29
1232E,40
6702J,35
7768Y,45
5766T,42
3638V,44
2955R,41
5552Q,41
3705J,38
127Y,28
6070N,24
8566Y,42
9697K,43
3177H,45
3709D,38
4798Y,45
1648R,41
7841M,43
1646I,39
5130F,37
9645E,41
627M,28
3191D,42
5815Z,40
4369U,43
3795B,45
7329I,45
1745D,42
4483U,44
3877P,47
768N,29
5450W,37
8032C,29
3163R,43
1841E,41
3584C,44
7143B,43
9770T,40
3379Q,46
849C,28
2068O,28
4150N,36
234U,27
6021D,27
2818R,40
1732E,42
8582F,43
9254J,41
5124D,42
9989O,43
3990I,39
9760V,38
9477I,45
6115F,37
1653P,41
4285K,42
1328O,44
5537B,44
7902A,36
9543U,43
315R,25
3803D,39
4310L,36
4283Y,43
2950Q,36
1424H,42
6517O,40
6581A,41
2640Y,35
8321Z,44
3161X,41
6026X,27
4573Y,45
7934M,44
7483K,45
2356T,41
602L,19
3602S,35
9240N,36
6795M,43
9382F,43
2152X,39
3064M,29
5466O,41
671O,27
1060S,22
6203U,35
2386Q,42
4110A,34
5974F,44
9476I,43
4727F,45
3083H,31
3555T,43
2432W,41
1894I,43
1269B,40
2176A,41
9246M,40
2068V,28
9291B,41
1614Z,38
6965N,41
6543T,42
2329I,43
3962M,42
8107V,37
2210I,33
3929O,44
8572Z,44
4468R,43
4686Y,41
299S,27
976Q,28
4690A,37
4121D,41
1156I,39
4102L,34
6443Q,42
4477Z,45
8001G,22
1862U,41
8034C,30
8598C,45
1778A,45
3472R,44
6385S,43
6681V,40
2101F,33
3429X,44
8313Z,42
6062O,26
1639M,41
480I,23
6469U,41
8044Z,29
2733S,44
9982A,42
1006R,20
8043P,30
2263X,41
7860L,39
9537O,44
937P,29
9396Q,43
1116L,37
4649C,41
4612N,37
4550W,37
9364D,43
6335A,43
3097H,31
2411L,37
8830L,40
348Y,29
6380S,38
4384E,44
7549M,43
5309L,37
9110W,34
3589F,44
3367W,45
2361O,41
1579G,43
2328F,44
6819Z,40
6159E,40
5040U,23
5213E,39
8010U,22
3444Q,43
2956K,40
9110S,34
6468L,42
3790V,40
1291N,40
145X,26
6038T,29
8819L,42
5393F,45
2954O,41
3090A,25
1846Y,41
3771V,45
4290Y,37
9608L,36
72H,11
5558W,43
8303K,39
9672C,42
3152N,41
8590C,39
6402H,34
7937Q,45
704Z,22
9433V,44
1008J,22
6731G,42
5026M,28
5100O,26
7257F,43
1422D,41
8025Y,30
1931G,41
8577B,46
1324V,43
8660A,37
886T,28
5478Q,45
7102Z,35
8537A,45
3070B,26
9283W,43
497R,29
1207E,35
1366Z,41
8846M,43
3450W,38
5478P,45
2747U,43
6962G,40
2105M,34
9500B,27
9221B,41
5323W,45
2945O,41
9070K,25
4793M,45
5414Q,40
744T,28
3292K,42
6294X,41
6905V,35
9845F,43
4168N,42
7897Q,46
8887W,46
3107J,37
3000N,14
8090I,25
6484C,42
7987V,45
7887C,46
6219H,38
9087J,30
8736M,44
613K,24
1616T,37
5126G,41
3278U,45
9317X,42
4704P,37
8943V,44
5625L,42
4431M,42
7813X,42
6101S,33
9607D,36
9054D,28
6871L,43
8428M,45
6966K,40
5171K,42
799V,29
1004H,21
6220I,36
8616U,39
149L,26
3225X,43
6243G,41
159B,26
2084X,28
7454X,43
6247S,41
8760G,39
6694L,41
660U,21
7278H,45
7155E,42
5083F,30
9223E,43
6496V,41
5808S,38
4786R,43
5387R,45
2194M,41
8261O,41
1632K,40
180B,22
2447Z,42
502Z,20
4431Z,42
5791X,43
2392X,42
7163I,43
8080V,25
961G,26
5515C,39
1404E,35
2266W,39
2583F,43
4872F,44
411Y,23
9479E,44
5346Q,42
8377R,47
8171E,43
3966I,42
9113X,39
3122X,42
7533O,45
2051C,26
6296H,40
3666Z,41
1695N,41
9211T,37
8279Z,44
7140Q,37
6163R,41
2349E,42
9439F,43
7810X,37
3492Z,43
24V,11
7418N,41
9209O,35
6446Z,40
4719Y,41
3676P,43
9348C,44
6697M,42
4604K,35
2949E,41
1036K,27
1873V,45
